,value,key
0,13017.0,1
1,6900.958906495566,2
2,5319.012536069781,3
3,4471.242373735504,4
4,3784.60497922821,5
5,3383.521703050102,6
6,3066.0847994505957,7
7,2813.9131046485236,8
8,2633.107723383395,9
9,2473.237157573214,10
10,2309.5031505781385,11
11,2163.1208883922413,12
12,2037.0084218481697,13
13,1947.6854442635429,14
14,1867.9196658682624,15
15,1795.5807066821337,16
16,1736.068040173605,17
17,1687.3029210848892,18
18,1627.0934860606533,19
